"CLOSE","INFLATION","XAUUSD","USDPLN","WIG20","S&P500","UNEMPLOYMENT","PMI","OIL","log_XAUUSD","log_WIG20","log_S&P500","log_PMI","log_OIL","log_USDPLN"
0.521999999999999,0.0060000000000001,NA,0.0928400000000003,-48.8099999999999,NA,0.001,50.7,13.27,-0.0515189935155647,-0.017988621958847,0.007654154967355,3.92592591059714,0.205392426494496,0.0242906797538742
0.032,0,-103.205,0.17555,-109.53,299.86,0.001,50.6,-1.73999999999999,-0.0898295523062007,-0.0415846362737211,0.0592668027819698,3.92395157629342,-0.0246471399989687,0.0443781469449567
0.0760000000000005,0,214.665,0.0225999999999997,-145.75,-256.62,0,48.8,2.75999999999999,-0.0189761228937364,-0.0581618396716621,0.0143445202155199,3.8877303128591,0.0388179800798669,0.00557269349937672
0.0350000000000001,-0.0020000000000001,-123.03,0.0631300000000001,-241.76,-244.929999999999,-0.003,48.2,-0.75,-0.0651536672732167,-0.104622564322278,-0.0266578220623828,3.87535902105655,-0.0104001492086496,0.0154040082578917
-0.352,0,202.565,-0.0711599999999999,-0.890000000000327,309.65,-0.000999999999999994,48.9,-3.72,0.00980853506578239,-0.000406102493985649,0.025307691689834,3.88977739648083,-0.0532466925250867,-0.0173804856284823
0.435,0.003,69.8800000000001,-0.0604800000000001,14.3499999999999,-477.68,-0.001,49.2,1.27000000000001,0.0354886352286439,0.00652780948742926,-0.0557197676885277,3.89589362349826,0.01849881606024,-0.0150132023325638
-0.706,-0.000999999999999904,-207.22,-0.15324,118.66,383.96,0.001,48.6,-1.15000000000001,-0.0414373509256114,0.0524051373504548,0.00994607922055124,3.88362353090645,-0.0167361834064694,-0.039080162941487
0.177,-0.0060000000000001,-20.7250000000004,0.02887,88.0299999999997,-171.11,0,47.8,5.42999999999999,-0.051476391580457,0.0371768361935212,-0.0199956183879486,3.86702563949741,0.0766729217113529,0.00748030750690321
-0.0129999999999999,-0.000999999999999994,77.2950000000001,0.0882700000000001,9.32999999999993,-12.0199999999995,0,47.3,4.34,-0.0221819210831384,0.00386044152434994,-0.0225778790387405,3.85651029549789,0.0573169803985936,0.0225299884233874
0.314,-0.0160000000000001,-67.5549999999998,0.0628100000000003,139.78,64.2799999999988,-0.001,45,3.61,-0.0513246892460648,0.0561201760467211,-0.0112577421935356,3.80666248977032,0.0452940745717028,0.0157280081660087
-0.0259999999999998,-0.0009999999999999,125.095,-0.0858500000000002,-75.7399999999998,-121.149999999999,0.001,45,-4.53999999999999,0.00113474945606562,-0.0300173127418661,-0.0340823024055705,3.80666248977032,-0.0573027410588693,-0.0215599468756607
0.0149999999999997,-0.0009999999999999,-44.5249999999996,0.123499999999999,-9.24000000000024,-58.8500000000013,0.000999999999999994,45.9,4.91,-0.018157036913335,-0.00372444412777639,-0.0469038380788138,3.8264651170665,0.0618312354264967,0.0308705060562726
-0.279999999999999,-0.0040000000000001,-9.9350000000004,-0.0733999999999995,-40.2399999999998,460.480000000001,0.002,48,1.26000000000001,-0.0229299037957507,-0.0163835972694404,0.0425057474599928,3.87120101090789,0.0152693223568399,-0.0182322267427393
-0.12,0.008,-138.105,0.00429999999999975,-17.9500000000003,-376.740000000001,0.001,47.9,-4.88000000000001,-0.0888433455480326,-0.00739576725815283,-0.030547405358412,3.86911550441687,-0.0604818178221898,0.00107731633408958
-0.0860000000000003,0.009,185.3,0.0101000000000004,-138.24,-92.5400000000009,0,47.1,-2.45,-0.00226506764095991,-0.058868070258109,-0.050427504326926,3.85227300102237,-0.0318022777285583,0.00252588540236953
-0.00900000000000034,NA,28.2900000000002,-0.0694800000000004,63.1299999999997,174.800000000001,-0.003,47.4,-4.17999999999999,0.0115361380563597,0.0273138539118083,-0.0157707304188008,3.85862222870103,-0.0567085328956773,-0.0175065129969034
0.285,0.004,-50.7050000000004,0.0628299999999999,-127.74,-126.21,-0.000999999999999994,48.7,4.40000000000001,-0.0131922692471447,-0.0560626275388385,-0.0432789762940686,3.88567903008854,0.0596059404277174,0.0158441476812312
0.152,0,-24.5049999999997,0.2158,-65.52,-171.97,0,44.5,4.97,-0.0256402939590865,-0.0300230110870556,-0.0854244443875771,3.79548918917219,0.0633130862221716,0.0525834300307213
0.245,0.016,-84.6150000000002,0.15493,-234.13,468.25,0,43.9,9.78,-0.0710734865861991,-0.115311363371902,0.0222248399777722,3.78191432008113,0.113976543541265,0.0361159135853693
-0.329,NA,227.765,-0.24461,111.78,125.36,0,43.1,-7.16000000000001,0.0483678513602621,0.056713429579653,0.0499460877119713,3.7635229971097,-0.082146839990231,-0.0576332650234408
-0.155,0.00699999999999999,-66.125,-0.11917,166.18,-138.309999999999,0,43.5,-1.83,0.0130478824327742,0.0787814757286229,0.0178752470184875,3.77276093809464,-0.022125063784733,-0.0293287844593193
0.345,0.00700000000000001,-70.8700000000001,0.0611000000000006,-133.18,-219.88,0,45.1,-11.16,-0.0233632878166379,-0.0626353629854499,-0.0306639330879594,3.80888224650863,-0.146680687312997,0.0151446691846124
0.262,0.015,88.1350000000002,0.17539,-165.9,-131.97,0.000999999999999994,47,-2.55,0.0220167193893754,-0.0839460372635141,-0.0627189099376153,3.85014760171006,-0.0367661968008299,0.0422409943975368
-0.135000000000001,0.017,-16.4050000000002,-0.0784500000000001,28.6099999999999,260.2,0.001,46.6,8.69,0.013329482311466,0.0149888728379146,-0.00247924805798405,3.8416005411316,0.120113830077776,-0.0186737121671239
0.156000000000001,0.014,-44.8099999999999,0.15227,-164.53,-49.8199999999988,0.002,48.3,-1.11,-0.00932818557776205,-0.0894379750450911,-0.0145361965926796,3.87743156065853,-0.0145624088662206,0.0359324897653053
0.487,NA,-125.53,0.13209,89.3800000000001,-78.9900000000011,0.001,48.5,1.38,-0.0758737493589647,0.0495762128214903,-0.0344512538418602,3.88156379794344,0.0180727810596943,0.0301577198478515
-0.533,NA,245.48,-0.11111,54.3099999999999,245.61,0,47.5,1.82000000000001,0.054062611530818,0.0289658909145523,0.0264594303068524,3.8607297110406,0.0233463656437749,-0.0253065628688869
0.848,0,-206.28,0.0450699999999999,-110.24,-343.55,-0.003,45.6,1.39,-0.0558816505719122,-0.0596995011801837,-0.0599211578790317,3.81990771652034,0.0174704374288712,0.0103425261177292
-0.263999999999999,0.00899999999999998,49.9349999999999,0.10669,-55.75,477.71,-0.001,43.4,0.289999999999992,-0.030550008879449,-0.031604520285244,0.0607817990484882,3.77045944110636,0.00360674478421252,0.0240648288543048
NA,0.004,-80.9949999999999,0.2854,-199.98,-448.74,0,42,5.98,-0.0799279822940475,-0.122369464830028,-0.0523579447252143,3.73766961828337,0.0716130649956641,0.0616649960256619
NA,-0.00700000000000001,164.92,0.1849,-158.37,-78.23,0,43,-7.04000000000001,0.0176416064508533,-0.108796051366942,-0.076834602195742,3.76120011569356,-0.0848599470336264,0.038011914663733
-0.970000000000001,-0.011,20.27,-0.25642,150.31,NA,-0.003,40.9,10.06,0.0292523585170796,0.103535801025832,0.0980491993036239,3.71113006304876,0.1191659009217,-0.0531115124507808
-0.603,-0.005,0.560000000000173,-0.0634399999999999,192.89,-194.09,0.001,42.1,9.07000000000001,0.0287389673054959,0.118865772076627,0.043367021205837,3.74004774068834,0.096476952289259,-0.0135872353879944
NA,-0.001,-3.71000000000026,-0.15219,-25.1399999999999,NA,0,44.4,7.14,0.0258852818824682,-0.0147145829805382,-0.0872013442742237,3.79323946943818,0.0698982953073966,-0.0333682545271092
-0.336,-0.016,-15.7599999999998,-0.214049999999999,146.96,NA,0.00199999999999999,48.5,8.91,0.016692432523854,0.0831018478805321,0.0876515744801729,3.88156379794344,0.0808860619468366,-0.0488994171135171
-0.19,-0.015,28.3399999999999,0.15985,15.1899999999998,-346.989999999999,0.001,52.4,-9.98,0.0314752966739213,0.00820852746742506,-5.3242466202974e-05,3.958906591327,-0.0910548357189498,0.0367417580843543
NA,-0.014,-17.885,-0.23165,274.93,398.699999999999,0.002,52.7,-4.41,0.0213250500536057,0.137987656495179,0.092067832960435,3.96461545554732,-0.0430373290411703,-0.0536949183467821
-1.1,NA,-69.325,-0.00856999999999974,-133.17,NA,0.001,54.7,-4.56,-0.0147945154276794,-0.0644657016172818,-0.0351482383862685,4.00186370942794,-0.0465390102499201,-0.00204285293261175
-0.016,0.00900000000000009,-83.02,-0.11263,209.74,298.080000000001,0,54.5,-7.56999999999999,-0.0601718921977801,0.0997333762840737,0.0318627908789235,3.9982007016692,-0.0823873541962934,-0.0272430904102896
-0.438,-0.0080000000000002,143.62,-0.0441000000000003,57.3000000000002,109.02,-0.001,56.1,-12.94,0.0177293475811897,0.0256015269306769,0.0540181498650192,4.02713581252865,-0.158755708005568,-0.0108724860827136
-0.602,-0.0079999999999999,-86.6900000000001,0.0760500000000004,-72.5500000000002,-449.81,0,54.4,-9.02999999999999,-0.0302648180149347,-0.0325270925897794,-0.0426886112804468,3.9963641538619,-0.127905898344845,0.0186762956767357
-0.216,-0.01,62.3999999999999,-0.11945,210.68,237.56,0.001,53.8,17.39,0.00441849287342855,0.0916757039775602,0.00836865110098728,3.98527346716774,0.233306301519878,-0.02949287008182
-0.653,-0.0089999999999999,-33.7849999999999,-0.0099800000000001,-94.7600000000002,-336.22,0.001,53.4,-8.53999999999999,-0.0146483338725902,-0.0401976355827891,-0.0668582097981734,3.97781074596615,-0.107796570455707,-0.00250394665300302
-0.367,-0.0040000000000001,82.5,-0.15007,57.7400000000002,NA,0.002,56,-6.52,0.0316940905437741,0.0246853280808121,0.0487377629846222,4.02535169073515,-0.0909083135428297,-0.0384282058710081
-0.0980000000000001,-0.005,-56.135,0.0222000000000002,-114.58,-342.56,0,57.6,5.3,0.000242599342863414,-0.0495960106660229,-0.0285780509686884,4.05352256770185,0.0745145037671531,0.00577863259615174
-0.071,-0.0059999999999999,-44.1400000000001,-0.0418000000000003,-35.04,29.6599999999999,0.000999999999999994,59.4,-0.350000000000009,-0.0243865527337821,-0.0156716521317977,-0.0224932292467432,4.0842942263686,-0.00475318339043973,-0.0109083924611628
0.22,0.0029999999999999,180.24,-0.14788,14.9500000000003,4.36999999999989,0.002,57.2,-7.14,0.0743020384463273,0.00671645489342598,-0.0219708400458618,4.04655389838575,-0.102249529564482,-0.0395758489555158
-0.151,-0.004,NA,0.12831,-195.77,70.4500000000007,0.002,53.7,-2.73999999999999,-0.0755851950742041,-0.0917394410195556,-0.00547150655202167,3.98341300151482,-0.0421925553443829,0.034427551421625
-0.152,-0.011,78.52,0.1584,-98.75,-185.340000000001,0.001,54.3,-4.42,-0.0346968706529838,-0.0496778808418759,-0.0510973221142947,3.99452422693989,-0.0720533176400577,0.0409287545169217
0.0349999999999999,-0.0079999999999999,80.1199999999999,-0.20328,-31.5599999999999,46.5400000000004,0.001,53.4,2.34,0.0115455428336233,-0.0164117127767058,-0.0415628086974422,3.97781074596615,0.0387915369698737,-0.0528364366598997
-0.434,0.0019999999999998,95.5,-0.0225599999999999,40.73,64.8299999999995,0,51.9,-9.36,0.0646278814211092,0.0211301953594969,-0.025756899667126,3.94931879017184,-0.165104766307117,-0.00603966154912583
0.079,-0.0019999999999998,-59.4349999999999,0.0105599999999999,35.97,138.740000000001,-0.003,51.7,-3.62,0.0298804942547441,0.0182965894893163,0.0111991168219419,3.94545778151438,-0.0719563244295065,0.00283161730714676
-0.00099999999999989,0.0059999999999999,-177.83,0.0195000000000003,-153.94,-176.27,-0.001,50.8,-3.18,-0.0663749656753172,-0.0807671036287632,-0.036448997283216,3.92789635458444,-0.0677864389964662,0.00520785825921344
-0.0510000000000002,0.0009999999999999,223.545,0.20074,-314.07,-217.23,0.002,50.8,-9.64,0.0556125940663197,-0.188282326431775,-0.102146448318402,3.92789635458444,-0.23903895629379,0.0520915692191297
0.127,0.0010000000000001,-94.1900000000003,-0.0915900000000001,196.76,444.71,-0.002,50.8,4.51,0.00394243081393775,0.122033090599095,0.0280556803396887,3.92789635458444,0.118965032123589,-0.0234313471495184
0.087,-0.0029999999999999,74.6000000000001,-0.1805,87.48,44.27,0,50.6,2.41,0.0425741969829545,0.0498147360584928,0.0400181032435896,3.92395157629342,0.0582079057612885,-0.0478490424187565
-0.126,0.0009999999999999,-75.6399999999999,0.0620699999999998,-32.6700000000001,-366.5,0,52.8,-2.37,0.00323692196925673,-0.0183145753967304,-0.0677191020896544,3.96651119071222,-0.0572136228058988,0.0167137960157098
0.099,0.003,-199.62,0.21405,-8.72000000000003,58.3600000000001,0,47.2,-0.969999999999999,-0.103010708238872,-0.00494561971758145,-0.0536367784092491,3.85439389259151,-0.0243945203783071,0.0555850792813484
-0.2,-0.0039999999999999,143.78,0.0482199999999997,-36.1699999999998,114.85,-0.001,40.6,-3.95,-0.0281644599024391,-0.0207793268066592,-0.0182213810040626,3.70376806660769,-0.105983022115212,0.0121066610855869
0.298,0.005,4.81500000000005,0.142370000000001,-73.97,-75.9000000000001,-0.00199999999999999,NA,-16.49,-0.0261222363835465,-0.0438888351010682,-0.0442864902305304,NA,NA,0.0349129131987194
0.197,0.0119999999999998,-67.0599999999999,-0.0173000000000005,-135.84,-195.96,-0.004,42.4,1.26,-0.0685153426388183,-0.0859862886926788,-0.119420896237406,3.74714836223791,0.0647375459168131,-0.00417793261812527
0.126,0.0010000000000001,113.955,-0.21079,256.07,NA,0.001,48.2,NA,0.00142741614377861,0.156374858633125,NA,3.87535902105655,NA,-0.0523591901351934
0.348,-0.004,7.23000000000002,-0.0470100000000002,296.99,-98.3299999999995,0,47.4,6.32,0.00599190233687885,0.155202429133279,0.0878595209362043,3.85862222870103,0.130710360247807,-0.0120605946665966
-0.0249999999999999,-0.0089999999999999,-79.0550000000001,-0.0805599999999997,84.1900000000001,-266.04,-0.003,48,9.52,-0.044834089447777,0.0399437349131171,0.00162941658961735,3.87120101090789,0.169377865724351,-0.0210123325638742
-0.106,-0.0080000000000002,16.29,0.1224,8.84999999999991,-95.0600000000004,-0.001,46.7,-5.68,-0.0357496582228629,0.00410765877412356,-0.0281887410122881,3.84374416467485,-0.0975713267427176,0.0317536405766041
-0.0449999999999999,-0.0009999999999999,102.435,-0.0938099999999999,35.1599999999999,-13.6199999999999,-0.000999999999999994,45.6,-1.24,0.0330207113969267,0.0161545791630804,-0.0334802915793233,3.81990771652034,-0.0226287027778831,-0.0242459144584917
0.048,0.0009999999999999,-89.6000000000001,0.18817,-20.8099999999999,42.5999999999999,0.000999999999999994,47.8,-0.0600000000000023,-0.0270957568887491,-0.00952979124439945,-0.0202258195829312,3.86702563949741,-0.00110803335436183,0.0480550010124223
-0.161,0.0030000000000002,91.45,-0.0301499999999999,-38.04,10.5400000000004,0.001,48.8,0.940000000000005,0.0340436821942847,-0.0176584125772479,-0.0170352405236782,3.8877303128591,0.0172196964118743,-0.0075460533749856
0.355,0,-160.99,-0.10536,142.12,104.2,0,47.4,3.46,-0.074923111775095,0.064437532547001,0.0182573077148751,3.85862222870103,0.0609450764374619,-0.0268262631181637
0.225,-0.0030000000000002,107.33,-0.14145,50.3000000000002,-92.54,0.001,48.4,-0.100000000000001,-0.00188331972969991,0.0218464988529057,-0.01304276747301,3.87949981372259,-0.00171027919232802,-0.0371856502944021
0.243,-0.0019999999999998,-102.54,0.09911,-88.3600000000001,-151.08,0.001,48.8,-4.91,-0.0774787965278421,-0.0386999845441087,-0.0666583195342421,3.8877303128591,-0.0877897446363822,0.0261992091297465
0.351,-0.0020000000000001,82.8100000000002,-0.0111600000000003,94.9000000000001,383.47,0.002,49,10.33,-0.0172943465020632,0.0415057214100623,0.0680408888532043,3.89182029811063,0.17651140081834,-0.00291602530041546
-0.174,-0.005,31.2099999999998,0.0159000000000002,-22.1199999999999,-305.2,0.003,48.7,-3.67,0.00684843773325472,-0.00952162672185786,-0.0385603364430898,3.88567903008854,-0.0592060639092935,0.00415198402967243
0.109,-0.005,11.3300000000002,-0.0524499999999999,20.1399999999999,61.5199999999995,0.002,47.6,-2.95,0.0154720429708952,0.00867301402403076,-0.0177655418370204,3.86283276123737,-0.0502704016102955,-0.0137621966230601
-0.218,-0.00499999999999997,-11.2300000000002,-0.06135,47.8800000000001,-30.4799999999996,0,48.2,-3.4,0.00677345764244031,0.0203218136905843,-0.0292955929866929,3.87535902105655,-0.0612583423232049,-0.0163415168538608
0.105,0.00399999999999987,-47.7299999999998,0.0173999999999999,-103.48,-116.86,-0.003,47.6,-8.38,-0.0298109965681457,-0.0444504257351177,-0.0757421548283759,3.86283276123737,-0.169252370885864,0.00466195065145958
0.215,0.0020000000000001,-21.6199999999999,0.0501200000000002,14.4499999999998,450.57,-0.001,49.5,5.34,-0.0482628425243394,0.00632704274331264,0.0962652871180758,3.90197266957464,0.111109801863636,0.0133083578910946
0.171,0.005,53.6699999999996,0.0458699999999999,-139.2,-301.75,0,49.5,14.53,-0.00554668088723531,-0.062681443447941,-0.0177017767592949,3.90197266957464,0.251642587638033,0.012026557443422
0.04,0.0010000000000001,-16.6499999999996,-0.15054,133.23,250.670000000001,0,50.4,7.88,-0.0194495461494961,0.0600722845682462,0.0719293490556607,3.91999117507732,0.11391363569857,-0.0400237375739594
-0.0580000000000003,0.0009999999999999,30.9699999999998,0.0200100000000001,52.8499999999999,-214.7,0,51.4,-3.34,0.00632246573948692,0.0228645910324223,-0.00428510672032179,3.93963817246112,-0.0467087139101654,0.0054132346264677
-0.0269999999999997,0,15.8400000000001,-0.0476300000000003,-35.8299999999999,-72.77,0.001,52.9,-1.14,0.0193199648738505,-0.0154439729259943,-0.0298143216631948,3.96840333886425,-0.0164553366599858,-0.0129336434206211
0.0489999999999999,0,6.22999999999979,0.0867599999999999,-166.66,-12.6900000000001,0.000999999999999994,54.2,5.42,0.0239400316933098,-0.0751480183692221,-0.0353879799767993,3.9926809084456,0.0759255596256434,0.0234354072409966
0.0409999999999999,-0.003,16.2800000000002,-0.0531799999999998,21.6000000000004,84.8200000000002,0,53.3,-7.17,0.0359974735316744,0.0100640563923031,-0.0048307134968022,3.9759363311718,-0.101724882487408,-0.0142995942988151
-0.183,-0.0010000000000001,-28.4400000000001,-0.18329,134.8,-44.1199999999999,0.002,53.9,1.56,0.0133646931275964,0.060617258860475,-0.0213782024026372,3.98713047791495,0.0230302472746997,-0.0509133603170742
0.0869999999999997,-0.0029999999999999,-7.97000000000003,-0.0887199999999999,-81.4899999999998,50.0399999999995,0.002,53.7,-3.61,0.00719329509310729,-0.03620363177117,-0.00271511174712913,3.98341300151482,-0.0541239784105425,-0.0256074209123902
0.202,0.0010000000000001,-16.7,0.00439999999999996,153.94,80.1400000000003,0.003,53.7,-3.3,-0.00544700740785498,0.0673260077231363,0.0272525129537922,3.98341300151482,-0.0521775000188978,0.00128555376856254
0.0880000000000001,0.005,34.1000000000001,-0.0793500000000003,189.49,37.02,0.002,54.6,3.08,0.0202007349738738,0.0770959075610067,0.0397261156359212,4.00003388275086,0.0487824350294144,-0.0234415158939598
-0.162,0.0019999999999998,-68.7000000000003,0.13485,-92.5999999999999,-260.18,-0.002,55,-4.33,-0.0315681348770349,-0.0369332627995798,-0.0546574177870252,4.00733318523247,-0.0692799961562454,0.0395167042009947
0.0409999999999999,0.0040000000000001,13.3400000000001,0.0543499999999999,-52.52,124.17,-0.001,54.2,-2.93,-0.0220783151534159,-0.0215700676836761,-0.00978360390436261,3.9926809084456,-0.0497598190234427,0.0154955666760954
0.1,-0.0040000000000001,24.9000000000001,0.10396,116.21,-46.2899999999995,0.001,53.4,-3.08,-0.00279634772074377,0.0471184267317311,-0.0276955153306488,3.97781074596615,-0.0551222013089872,0.028987051885522
-0.0620000000000003,0.0010000000000001,12.8399999999999,0.01031,-71.4400000000001,16.4199999999996,0.002,53.7,-2.67,0.00727304432549136,-0.028702184808016,-0.0219455988783048,3.98341300151482,-0.0503737540928721,0.0028294539866387
-0.085,-0.004,30.7700000000002,-0.0857699999999997,62.8000000000002,8.19000000000005,0.001,52.5,-4.53,0.0307955583496113,0.0252743989572224,-0.0191189572032489,3.96081316959758,-0.0917368503948799,-0.0237859184690192
0.0900000000000003,-0.000999999999999997,-91.2900000000002,0.0315300000000001,-142.09,46.3600000000001,0.001,52.3,3.05,-0.0395721196918473,-0.0581257694096404,-0.000546343056315735,3.95699637107088,0.0626810176182171,0.00880986652003002
-0.0790000000000002,-0.002,23.22,0.11067,-74.3699999999999,-45.5400000000004,0.000999999999999987,53.1,-4.18,-0.0223206838651953,-0.0318257400898077,-0.0191639615136934,3.97217692824789,-0.0869389420904634,0.0303223310927789
-0.0609999999999999,0.0040000000000001,55.2199999999998,0.0139399999999998,-18.6200000000003,35.2800000000007,0.003,52.7,2.27999999999999,0.0216745006576575,-0.00812930968606196,-0.00480228255335202,3.96461545554732,0.0483554760513067,0.00375501805576572
0.196,0.0009999999999999,-27.6199999999997,0.15986,95.6900000000001,-15.9900000000007,0.0015,53.4,1.01000000000001,-0.000331133662761829,0.0410916431493895,-0.0115097183855912,3.97781074596615,0.0206953395775078,0.0420827136194646
0.0649999999999999,0,-20.4300000000003,0.0863499999999999,-200.91,6.12000000000035,0.0015,54.1,1.25,-0.0165777985851401,-0.0883145496239575,-0.009050140558438,3.99083418585244,0.0250338496025675,0.0220156124032149
0.314,0.002,22.4300000000003,0.10665,15.29,22.4000000000001,0.00800000000000001,54.2,3.45,0.0012659243738522,0.00700221078150953,0.000389305940140083,3.9926809084456,0.0660084647661976,0.0265388347434101
0.0509999999999997,-0.005,-39.8600000000004,-0.0696299999999992,-134.42,-85.6900000000001,0.000999999999999987,54.8,-1.25,-0.0311307920005524,-0.0633061946258415,-0.0365230976094351,4.00369019395397,-0.0234158867556857,-0.017246739150498
-0.241,-0.00900000000000003,-21.4199999999996,0.182899999999999,-108.91,44.73,-0.00299999999999999,54.3,0.990000000000002,-0.0505714310013303,-0.0544038260122326,-0.0177262980930104,3.99452422693989,0.0185903391586582,0.044682348684717
0.0150000000000001,-0.00799999999999997,82.1099999999997,0.0191800000000004,-149.7,0.0199999999999818,-0.001,51.9,-4.35,0.0192844034342032,-0.0799648498752044,-0.018037103051757,3.94931879017184,-0.0843932428138952,0.00457205222595336
-0.531,-0.00200000000000003,80.9300000000003,-0.27922,16.4400000000001,-32.6399999999999,0,50.2,-2.56,0.0844099553377298,0.00910083560504571,-0.0336034724654715,3.91601502669768,-0.0532128854643603,-0.0687151563419204
-0.196,-0.00299999999999997,-62.4300000000003,-0.10168,-105.15,114.78,0.001,52.2,1.27,0.0315418383730783,-0.0596913426013206,0.0196167821046886,3.95508249488859,0.0267525169818459,-0.0262442828909064
-0.135,-0.00299999999999997,-49.5999999999997,0.08636,84.05,-39.4400000000001,0.001,51.5,-3.4,-0.00661732125908987,0.0479956918268192,0.00123524520110507,3.94158180766969,-0.0732928654654734,0.0223338901109005
0.138,-0.00100000000000009,51.9599999999998,-0.01369,-33.8199999999999,-0.0299999999997453,0.00199999999999999,50.3,-3.15,0.0325241085195156,-0.0190364007059882,0.00121991936041432,3.91800507710569,-0.0730590240148623,-0.00350732374915697
0.0189999999999997,0.00100000000000009,-73.48,0.0419100000000001,-9.04999999999995,-77.3899999999999,0.002,51.8,6.7,-0.0225955635917936,-0.00515607492506209,-0.0349904389437663,3.94739014926544,0.149464893965859,0.0106985927439656
0.172,-0.00100000000000009,-75.99,0.00272000000000006,57.55,72.8299999999995,0.004,52.1,0.840000000000003,-0.0837474097277591,0.0323440005836737,-0.000910432136789652,3.95316494875932,0.0172559746035894,0.000690409678945292
-0.0430000000000001,-0.00199999999999984,183.49,-0.12045,88.4000000000001,-29.7399999999993,0.003,51,-3.14,0.0616353564840626,0.0477299030941403,-0.0152084137379775,3.93182563272433,-0.0660875818199198,-0.031039706920216
-0.242,0.00199999999999984,-137.37,-0.0924500000000004,101.05,26.0899999999992,0.005,53.8,-7.67,-0.0475786295171421,0.0519076134160636,-0.00269573306781634,3.98527346716774,-0.182582687491352,-0.0244953462820159
0.118,0.00100000000000009,65.9899999999998,0.26941,-173.61,-121.949999999999,0.00299999999999999,52.8,-4.47,0.00478193005281291,-0.0909157626939443,-0.0639049849198825,3.96651119071222,-0.124136422018769,0.0697720429287971
0.207,-0.00100000000000009,-127.08,0.0823999999999998,-43.8299999999999,135.52,0,50.9,-0.149999999999999,-0.102927546487594,-0.0243219464593585,0.00413690044005843,3.92986292355648,-0.0044451102974512,0.0204030094522472
-0.214,0.00400000000000006,64.9399999999998,-0.15441,78.9000000000001,95.6900000000001,-0.00499999999999999,52.1,3.46,-0.0516187364983463,0.0433655901462915,0.0520676409393515,3.95316494875932,0.0978180350160054,-0.0385807156404616
-0.26,-0.00099999999999994,59.4300000000001,0.11228,66.5699999999999,-67.2300000000002,-0.002,52.1,4.51,0.00301018043790169,0.0351805297571062,0.0176856719699794,3.95316494875932,0.11463597555778,0.0282009501489029
0.00100000000000033,-0.00100000000000009,74.3599999999999,-0.17523,134.31,-37.5199999999995,0,52.2,4.96,0.070318237799273,0.0674206220187497,-0.000504835614613341,3.95508249488859,0.112539297384832,-0.0443668870985221
0.172,-0.000999999999999941,-104.44,-0.0619499999999999,6.33999999999969,-158.28,0.001,50.9,-1.45,-0.023814445998644,0.00307289888953921,-0.0797193431409227,3.92986292355648,-0.0316102612686056,-0.0161684271202762
0.109,0.00200000000000003,46.1400000000001,-0.02685,97.3400000000001,211.48,0.001,51.1,4.04,0.0171208747453591,0.0460308962215894,0.0267987189877159,3.93378449720966,0.0857000709442537,-0.00708965336460921
-0.00499999999999989,-0.00100000000000009,-58.6299999999999,-0.00099999999999989,63.8000000000002,79.51,0.001,54.5,-2.08,-0.0353157790362673,0.0290600287771996,0.0646247164511342,3.9982007016692,-0.0432050580952983,-0.000265020010561834
0.381,-0.000999999999999941,116.5,-0.0112900000000002,90.3299999999999,-172.39,0.00399999999999999,54.3,12.33,0.0680544243500556,0.0397513478230804,-0.0195496932816654,3.99452422693989,0.232482107697554,-0.00299695883241879
-0.385,-0.00100000000000009,-59.2699999999998,-0.0177100000000001,119.97,85.0099999999998,0.005,52.4,0.82,0.0151193527618165,0.0504643777767662,0.0212356619135869,3.958906591327,0.0137011332926518,-0.00471933414340442
-0.335,-0.00199999999999984,-23.5800000000002,-0.1399,76.8200000000002,-66.1599999999994,0.004,54,-0.719999999999999,-0.00481741936923186,0.0310255801422494,-0.0104367853318399,3.98898404656427,-0.0120201781145246,-0.0380845459717896
-0.286,-0.0040000000000001,4.60000000000014,0.18975,-118.69,4.25999999999931,0.005,54.8,-11.82,-0.00094599395537287,-0.0483500372292429,-0.00848466591444996,4.00369019395397,-0.221297758357915,0.0513120239216331
-0.155,-0.0009999999999999,29.3099999999997,-0.0884499999999999,-28.8400000000001,54.2300000000005,0.00299999999999999,55.1,1.88,0.0235422885559871,-0.0121100609932183,0.0175491454863854,4.00914971615887,0.0386402365011667,-0.0235913779371997
-0.186,0.0019999999999998,44.0400000000002,-0.00240000000000018,-26.0999999999999,-146.12,0,55.2,-1.43,0.0579073906782233,-0.0110873887014344,-0.0534388714305525,4.01096295328305,-0.0292544130887524,-0.00064794818681646
0.541,0.0040000000000001,-173.03,-0.1616,-25.0599999999999,173.42,-0.00499999999999999,52.8,5.32,-0.0817708448992907,-0.010762535869361,0.0315328218026254,3.96651119071222,0.104758299901029,-0.0446236374561622
-0.134,0.00400000000000006,86.6499999999999,-0.181,100.99,-55.2500000000002,-0.001,53.2,12.54,-0.0120332255383397,0.0426824871399925,0.0041973084502871,3.9740583963476,0.210614463663321,-0.0524651567415919
0.165,0,17.1500000000001,0.0144000000000002,46.75,-58.1699999999998,-0.001,51.2,14.49,0.00256333715783619,0.0191580273281433,-0.0242374694194387,3.93573953204546,0.198396416565111,0.0042763027689352
0.508,0.00299999999999997,33.24,-0.0687000000000002,36.6100000000001,3.75,0.002,49.5,10.64,0.030456903432901,0.0147505580391272,-0.022936394439526,3.90197266957464,0.124110603605892,-0.0205680478746266
0.0640000000000001,0,42.79,-0.105,-83.3200000000002,76.8399999999999,0.002,49,4.77000000000001,0.0633665643119947,-0.0338920355834524,0.015635458348247,3.89182029811063,0.0510025544523733,-0.0322767306451597
0.304,0.00099999999999994,-83.5599999999999,-0.0835999999999997,-96.1199999999999,-103.78,0.00199999999999999,49.4,2.28999999999999,-0.00352569332143915,-0.0405811916751695,-0.0369636696069788,3.89995042419388,0.0235911017812418,-0.02646477771774
0.024,0.005,49,-0.0845000000000002,87.96,102.26,0.001,50.3,7.15000000000001,0.0340844980588688,0.0371993517334195,0.0151947203634357,3.91800507710569,0.0702681050003378,-0.0274809573245858
0.24,-0.00099999999999994,-120.98,-0.000700000000000145,20.7000000000003,-66.22,0.005,50.8,-2.62,-0.0593825145554767,0.00855674130714323,-0.0188789787547865,3.92789635458444,-0.0251791122350919,-0.000230836453398497
0.343,0.00099999999999994,117.22,-0.00449999999999973,9.57999999999993,-2.95999999999981,0.005,52,-2.97,0.0320350313128168,0.00393542799336899,-0.0208121980179348,3.95124371858143,-0.0293310909434528,-0.00148522231371429
0.189,0.00400000000000006,-48.0699999999999,-0.00760000000000005,23.3799999999997,28.0099999999998,0.005,54,1.78999999999999,-0.00571616524051066,0.00953989232679486,-0.00618165102847179,3.98898404656427,0.017780453518518,-0.00251339506609694
0.147,0,47.0399999999997,-0.00979999999999981,56.0600000000004,-1.27999999999975,0.004,55.9,1.01000000000001,0.0304378660310292,0.0225104867361363,-0.00690824042256377,4.02356438016105,0.00989476600971262,-0.00325030965065309
0.375,-0.00200000000000003,-118.51,0.1393,-162.64,-63.9700000000003,0.001,55.4,-5.05,-0.0614054801057753,-0.0667568225894604,-0.0422133821575486,4.01457959375324,-0.0504829589771987,0.0452371883437215
-0.4,0.00200000000000003,38.1999999999998,-0.1315,45.0900000000001,142.63,-0.00600000000000001,53.2,1.75,-0.0331856968459423,0.0189584119464099,0.0362313965269472,3.9740583963476,0.0177841179124281,-0.0426493497341895
0.159,-0.00100000000000009,90.2900000000002,0.0751000000000004,183.7,-108.32,-0.002,54.4,-6.5,0.040413978528874,0.0737247218532611,-0.0232895148545031,3.9963641538619,-0.0677130415727536,0.024579463904796
-0.297,0.00200000000000003,19.8099999999999,-0.0178000000000003,-55.71,-6.72000000000003,-0.002,53.4,3.59,0.0539278435328736,-0.0217896039738612,-0.027663279564206,3.97781074596615,0.0379638505395983,-0.00577136677512469
0.281,0.00200000000000003,-63.9000000000001,0.0437000000000003,-137.44,-25.72,0,53.1,5.94,0.0042004986217119,-0.0558787767335485,-0.043629977912083,3.97217692824789,0.0598124700276523,0.0141099801503377
-0.0409999999999995,0.0009999999999999,59.5900000000001,0.1121,-7.3100000000004,26.4100000000001,0,52.6,5.47,0.0478716346554426,-0.00306130166312979,-0.0293155443880018,3.96271611974366,0.0520846926145024,0.0353101989079743
-0.358000000000001,0,-134.31,-0.0293000000000001,-57.6299999999997,101.34,0.001,51.1,-2.75,-0.050878815713113,-0.0244683505507197,0.0317982616833188,3.93378449720966,-0.0258460888706669,-0.00910948487178342
0.246,-0.00899999999999987,-23.0499999999997,0.1273,-80.9500000000003,-132.21,0.001,49.3,-8.47,-0.0721340512741389,-0.0354131177556454,-0.0482777578769742,3.89792408104864,-0.0840814468454081,0.0389888455306335
-0.73,0.00299999999999997,244.65,-0.0356000000000001,239.86,103.91,0.003,48,-4.59,0.116607801658146,0.101483288034368,0.0151129529977014,3.87120101090789,-0.0487021398746696,-0.0107511680938801
-0.354,0.00299999999999997,-61.2999999999997,-0.1342,-166.35,-57.6300000000001,0.005,46.9,1.48999999999999,0.0637336408928402,-0.0692731073180139,-0.0205501747515759,3.84801767545223,0.0160711003576735,-0.0416003450260864
0.687,0.00200000000000003,29.27,0.0973000000000002,50.9200000000001,4.79000000000019,0.00299999999999997,48,3.77000000000001,0.0784161436900233,0.0217187513412673,-0.017924162116925,3.87120101090789,0.0395457685492859,0.0303332222754589
0.0250000000000004,0.003,-137.91,-0.0870000000000002,81.9400000000001,-26.1300000000001,0.001,48.9,-5.18000000000001,-0.0110146241912323,0.0339886057932315,-0.0353553671300828,3.88977739648083,-0.0547473981424789,-0.0270783093858336
-0.0500000000000003,0.004,101.71,-0.0819999999999999,40.75,37.9399999999998,-0.002,48.6,5.44,0.0519586167183368,0.0164824339833816,-0.0109998818881563,3.88362353090645,0.0574179009620934,-0.0262113068685876
-0.194,0.0070000000000001,-71.2,0.00590000000000002,90.2199999999998,-55.3499999999997,-0.00799999999999998,48.5,-5.67,0.0077969602548027,0.0355532407966983,-0.0491977606925786,3.88156379794344,-0.0599196698201041,0.0019090458953448
0.294,0.0039999999999999,24.98,0.0608,-161.44,61.9099999999999,-0.005,48.2,-2.91,0.0224145281084507,-0.0645400697376752,-0.00704344711145755,3.87535902105655,-0.0322055166880286,0.0194634653399262
0.55,0.0060000000000001,-32.6900000000001,0.0333000000000001,-103.98,5.99000000000001,-0.004,47.3,-2.67,0.00309250678160655,-0.0438887933211083,-0.00284265873766021,3.85651029549789,-0.0304905149723602,0.0105016812126233
0.117,0.0039999999999999,46.23,0.00619999999999976,53.8600000000001,32.53,-0.001,47,5.95,0.0295298400639163,0.0229740237524494,0.0199878360585002,3.85014760171006,0.0667175576498158,0.00194314788317373
0.155,0,-131.18,0.1209,-113.13,-62.6000000000001,0,48.3,4.28,-0.0460047738610125,-0.0488810421211436,-0.0239470570502007,3.87743156065853,0.0453804143719587,0.0371556913804723
0.0199999999999996,0.002,2.11000000000013,0.0286,-72.6199999999999,6.83000000000015,-0.001,49.7,-8.41,-0.0469156032474327,-0.0326854720217744,-0.0195706020043822,3.90600493310258,-0.0912136788548539,0.00859122136120005
0.283,0.003,60.4000000000001,-0.00880000000000036,89.6300000000001,10.1000000000001,0.001,48,-3.10000000000001,-0.0106695748753802,0.0401894941410417,-0.0125189489727111,3.87120101090789,-0.0358378428339794,-0.0026356000760781
0.3,-0.0070000000000001,-21.1200000000001,0.2149,-178.95,-34.6700000000003,0.002,48.9,1.57000000000001,-0.0242434195260595,-0.0819141745897225,-0.0387926612438374,3.88977739648083,0.0183106171250191,0.0624558320281035
-0.04,0.0040000000000001,143.25,NA,144.22,139.41,0.003,49.2,18.34,0.065191897170692,0.066532560530896,0.0646992501704693,3.89589362349826,0.192230313227666,NA
0.093,-0.000999999999999904,-100.42,-0.0508999999999999,45.96,-77.0200000000002,0.004,50.1,-1.85000000000001,0.0027491178725576,0.020305086737614,0.00752574479604817,3.91402100809082,-0.0177983437088747,-0.0162651974488066
-0.0409999999999995,0.0039999999999999,22.6100000000001,-0.0198,30.5799999999999,-53.3499999999999,0.002,50,4.05,0.0161668329752933,0.0132853349870237,-0.0308515357625714,3.91202300542815,0.038559682032739,-0.00639929787955329
0.117,-0.0020000000000001,14.5699999999999,0.154,15.0599999999999,-10.48,-0.003,52.2,-8.58999999999999,0.0243319021667858,0.00647844512381646,-0.0397873313864174,3.95508249488859,-0.0836293442939802,0.0487253154290961
0.314,0.005,-214.18,0.2061,-187.69,-1.54000000000019,-0.00700000000000001,48.8,0.349999999999994,-0.104527479827154,-0.0839020658825227,-0.0426599990111374,3.8877303128591,0.00354772051189389,0.0617030709152238
0.032,0.0020000000000001,NA,-0.0983000000000001,143.59,44.1700000000003,-0.004,49.5,1.53,0.111474163070983,0.0648115687070971,-0.00849655349414657,3.90197266957464,0.0153625191101296,-0.0289550882211067
-0.19,-0.005,-224.05,-0.2139,83.5,16.9799999999998,-0.003,51.7,-7.17,-0.0228504721259073,0.0358435156279473,0.00507148343668096,3.94545778151438,-0.0741233017006575,-0.0660618964655744
0.184,-0.0039999999999999,-46.47,0.1531,-182.84,-128.22,0,50.2,-13.99,-0.0516005453589008,-0.0802307161425544,-0.10230659165059,3.91601502669768,-0.162664120977184,0.0477238267848423
-0.304,0.0039999999999999,NA,NA,262.22,209.35,0,51.8,9.61,0.116978714595155,0.113154237560555,0.0744671275427828,3.94739014926544,0.114522957450033,NA
0.18,-0.0020000000000001,NA,-0.0821999999999998,275.36,-14.0800000000002,0,52.9,6.89,-0.116350767223597,0.106473342043524,0.0584674916191208,3.96840333886425,0.0747190421884953,-0.0291148597457462
-0.0129999999999999,0.0010000000000001,76.24,-0.0404,75.7000000000003,-45.0299999999997,0.001,51.2,-0.280000000000001,-0.0795504756992846,0.0273879702432005,0.0217083674354273,3.93573953204546,-0.00293009837094793,-0.0146262834777589
0.28,0.008,159.22,0.00709999999999988,101.6,-3.80000000000018,0.005,52.6,7.28,0.0230366194865903,0.0356177736353498,0.0184262333018976,3.96271611974366,0.0735239168465522,0.00258600424567823
0.0819999999999999,-0.005,-7.08999999999992,-0.0962999999999998,9.51999999999998,-6.15000000000009,0.004,54.4,11.23,0.0179932702552232,0.00327331409010423,0.013592893899637,3.9963641538619,0.103772107775511,-0.035657899426962
0.13,-0.002,-159.33,0.1858,-96.1700000000001,-56.1899999999998,0.005,54.8,-7.21000000000001,-0.0878228493328503,-0.0335698152228687,-0.0280969163671294,4.00369019395397,-0.065375642542711,0.0676952869241815
-0.0369999999999999,-0.0070000000000001,110.38,0.0306000000000002,-99.1500000000001,39.1700000000001,0.001,53.8,-9.75,-0.0148230071039324,-0.0358318803463025,0.00104785068293811,3.98527346716774,-0.0958069298508581,0.0107222723871221
0.108000000000001,0,-56.8600000000001,-0.00150000000000006,-12.9499999999998,-42.4900000000002,-0.003,55.6,-4.78,-0.0568170202379497,-0.00477625399243919,-0.0314565950401446,4.01818320125654,-0.0505499875059519,-0.000522930514452735
-0.289000000000001,-0.005,165.48,0.0901999999999998,39.3099999999999,12.6200000000003,-0.00700000000000001,56.3,-2.34999999999999,0.0636120793697037,0.0144285063457161,-0.0223929852565172,4.03069453514564,-0.025821354380315,0.0309692423353627
0,-0.0039999999999999,-121.3,0.1262,-132.57,-48.6100000000004,-0.00699999999999999,55.9,-5.73,-0.0240451857375445,-0.0495156009670374,-0.0632565172219266,4.02356438016105,-0.0659048444558419,0.0417803235058685
-0.386,0.001,6,-0.2379,39.6700000000001,79.8000000000002,-0.002,55.6,-2.67999999999999,-0.0202130085778789,0.015075710149465,0.00229290948706051,4.01818320125654,-0.0323817104953061,-0.0802751093294982
-0.165999999999999,-0.003,-22.8499999999999,0.0674000000000001,-36.0500000000002,-44.77,0,54.7,-1.46000000000001,-0.0379426956856523,-0.0136905464825317,-0.0361930007106874,4.00186370942794,-0.0180921911352421,0.0234046587237839
-0.0700000000000003,-0.005,-11.1500000000001,0.2322,-184.11,-49.8100000000002,-0.001,53.8,-8.05,-0.0483431701964081,-0.0730002808182091,-0.0839284750952825,3.98527346716774,-0.106097174180433,0.0766787998331984
0.45,0,-4.65000000000009,-0.0785,43.5599999999999,144.14,0.001,52.1,7.03,-0.0547314169159057,0.0177591106185755,0.0486118031703819,3.95316494875932,0.0932603505382863,-0.0252705340210684
0.0579999999999998,0.003,127.25,0.3024,-203.64,-123.16,0.002,53.3,-3.32000000000001,0.050269725731277,-0.0858735807218416,-0.0665157832745891,3.9759363311718,-0.0429617108337137,0.0940260238268364
-0.138,-0.001,-85.6000000000001,-0.0575999999999999,162.78,129.59,0.00399999999999999,52.2,-1.66,-0.0201426923630903,0.0692244576373735,0.055388380132376,3.95508249488859,-0.0221934242681616,-0.0172412903262513
-0.183,0.0020000000000001,-13.6000000000001,-0.3574,113.71,38.5799999999999,0.003,52.5,12.18,-0.0320351476707019,0.0456624062049036,0.0855316536337707,3.96081316959758,0.152430357374162,NA
-0.11,0.0019999999999998,-27.0199999999998,-0.1055,-51.9200000000001,-114.54,0.00600000000000001,52.5,-2.39,-0.0570890094271483,-0.0205911556635829,-0.0146514683118637,3.96081316959758,-0.0281343964116569,-0.0363588697395676
0.545,0.0030000000000002,69.5399999999997,0.0515999999999996,-230.59,-47.6800000000001,0.002,52.4,-4.10000000000001,0.00374070307420649,-0.0969500073182052,-0.0571327606454828,3.958906591327,-0.0501879888087835,0.0179483078963878
0.0540000000000003,0.0059999999999999,-40.9699999999998,0.00609999999999999,117.63,34.3199999999999,-0.003,51,-6.77,-0.0335048864366447,0.0506299426883512,-0.0281147440366603,3.93182563272433,-0.0888161223593764,0.002100660241803
0.15,0,53.3499999999999,-0.0467,6.07999999999993,71.8500000000001,-0.00800000000000001,52.4,6.47,0.0152071476270264,0.00254854099914059,0.0376751410593208,3.958906591327,0.0850430075824962,-0.0161956688035545
-0.0660000000000007,-0.002,65.3500000000001,-0.0811999999999999,-36.0099999999998,-60.6999999999998,-0.00699999999999999,52.4,-2.08,0.0720279594062383,-0.0151898023929071,-0.0176145467009823,3.958906591327,-0.0265592730723547,-0.0288004016963312
-0.0459999999999994,-0.0020000000000001,-219.4,0.1069,-77.9900000000002,-39.9700000000003,-0.003,48.8,-0.280000000000001,-0.124060653761217,-0.0337108873256229,-0.0557790155828073,3.8877303128591,-0.0036297680505788,0.0377456589563361
0.0339999999999998,0.0030000000000002,104.4,-0.0167999999999999,-82.3499999999999,80.3299999999999,-0.002,48.2,-6.39,-0.0323128312541368,-0.0368738174434213,0.0199598652221775,3.87535902105655,-0.0866336443254285,-0.00583841797461249
-0.0629999999999997,0.0029999999999999,-22.88,-0.0165000000000002,20.3499999999999,-57.3499999999998,-0.001,48.2,-0.650000000000006,-0.0571432397139349,0.00923937752303239,-0.035100104155946,3.87535902105655,-0.00924812737785441,-0.00576753263490559
-0.00400000000000045,-0.0010000000000001,57.96,0.0553000000000003,-75.1599999999999,3.31999999999994,-0.001,46.5,-0.509999999999991,0.00207784650426479,-0.0345575363746047,-0.0330093213481364,3.83945231259331,-0.00731658095004839,0.0192003120773503
0.155,-0.000999999999999897,-29.2,0.2641,-275.2,-35.02,-0.001,43,0.439999999999998,-0.0289505377488943,-0.137820490949154,-0.0715219770888922,3.76120011569356,0.00631550828868477,0.0869311325880666
0.0339999999999998,0.000999999999999897,76.46,0.0207999999999999,-59.99,67.9799999999999,0.001,42.55,-3.58,0.0517723094382143,-0.032742035137761,-0.000195816064070264,3.75067985501938,-0.0525818621082612,0.00653597097978542
-0.0940000000000003,0.0040000000000001,-134.31,0.1527,-3.8599999999999,-46.15,0.002,42.1,-15.19,-0.0912045527105034,-0.00214392119621198,-0.0517205584208815,3.74004774068834,-0.260164905311497,0.0467178844883476
0.0880000000000001,-0.0040000000000001,116.8,0.1684,-286.66,-28.6099999999999,0.002,42.2,-1.46,0.0349980298918746,-0.173624477840271,-0.0897722149209699,3.74242022104197,-0.0289760299892587,0.0491103725210671
-0.122999999999999,-0.0029999999999999,-15.35,0.1449,-139.38,12.16,-0.002,40.8,-4.9,0.0175987867700149,-0.0967220302476957,-0.0819527362146442,3.70868208141012,-0.103884896636296,0.0404086930382705
-0.419,-0.005,-27.26,-0.1882,222.45,153.57,-0.005,40.3,-3.08,-0.0116549438247171,0.150211541999941,0.116456543820514,3.69635146895264,-0.0712934859986132,-0.0528077351258058
-0.368,0.005,-38.1500000000001,NA,194.81,-13.42,-0.00899999999999999,NA,2.92,-0.0542761570783528,0.115241192247538,0.0895498855110715,NA,0.067712461580907,NA
0.518000000000001,0.004,-12.1199999999999,0.0335000000000001,-47.6500000000001,-84.38,-0.004,40.5,9.84,-0.0721016991478702,-0.0269849688857882,-0.00779113577728197,3.70130197411249,0.199365318757247,0.0113366470222227
0.718,0.005,-31.8200000000001,-0.2176,83.76,79.52,-0.003,43.7,13.37,-0.120664981271809,0.0469603535126302,0.0777983464170893,3.77734810210154,0.219610498912485,-0.0760408105292214
0.196,0.003,-188.86,-0.1419,212.8,-81.1399999999999,0.002,45.8,15.32,-0.0490854991689185,0.085492607020055,0.0951807867743755,3.82428409112014,0.141695511101324,-0.0605263277359873
0.202,0,124.72,-0.2139,155.47,-131.92,0.001,46.4,8.12,0.0952280543987838,0.0581413227026024,-0.0121167974607133,3.83729945923221,0.0676812148148285,-0.0987767389422093
0.357,-0.0020000000000001,-68.7500000000001,0.0690000000000004,-161.4,28.0699999999997,0.002,47.9,15.92,0.0154300573017201,-0.0604273199472285,0.00990830048645641,3.86911550441687,0.12071590374102,0.0329416839439397
-0.336,-0.0019999999999998,-54.6399999999999,0.0392999999999999,314.19,107.76,0.004,48.8,-12.64,-0.0445850864932638,0.114451134601239,0.0898835504310451,3.8877303128591,-0.094624700513231,0.0182885108457287
-0.311,-0.0040000000000001,19.6599999999999,0.0465999999999998,17.3099999999999,-135.17,0.00499999999999999,50.1,-13.9,-0.0237071463059406,0.00594043824041091,-0.0106175866526499,3.91402100809082,-0.115567370197652,0.0212608948186704
-0.00999999999999979,0.000999999999999897,67.8000000000002,0.0114000000000001,58.48,-48.0999999999997,0.00600000000000001,51.6,-11.87,0.0528621754974843,0.0198120870315712,-0.0464509396600565,3.94352167248752,-0.110505246794967,0.00513306543785486
0.00199999999999978,0.0010000000000001,10.1799999999998,0.0857000000000001,-53.1700000000001,70.8199999999999,0.004,53.2,0.259999999999991,0.0607534429742005,-0.0179968539628641,0.00597741224137405,3.9740583963476,0.00255603756936118,0.037766941865315
-0.285,-0.002,-101.9,0.1189,24.1900000000001,39.9899999999998,0.002,52.4,-10.09,-0.0471581495566751,0.00822795156798684,0.0353797078420817,3.958906591327,-0.1043246698517,0.0501422624426614
0.228000000000001,0,-47.8500000000001,0.0152999999999999,NA,41.8900000000001,-0.003,50.7,4.25,-0.105336510088533,0.157612924351386,0.0631139096022775,3.92592591059714,0.0452758798884174,0.00627346912659488
-0.139,-0.0040000000000001,43.8600000000001,0.0103,89.6799999999998,-77.0299999999997,0,52,-7.29000000000001,-0.0602181150018479,0.0256177441913312,0.00866592980480174,3.95124371858143,-0.0789670096674211,0.00420125839743435
-0.263,-0.0059999999999999,59.5299999999999,0.0512000000000001,331.89,55.4599999999998,0.001,51.4,5.82000000000001,0.0137238189803046,0.0894775007442359,0.0450427893694165,3.93963817246112,0.0635376823229787,0.0206259326261987
0.186,-0.007,-61.3399999999999,0.1415,-243.98,-90.8700000000001,0.003,51.5,-12.87,-0.0656036760002321,-0.064986662690389,-0.014713557788709,3.94158180766969,-0.146336287994906,0.0548853201800056
0.0889999999999995,-0.008,-21.8,0.1564,-32.0899999999997,-30.1299999999999,0.00299999999999999,52.5,-7.62,-0.102113614486863,-0.00887059231975051,-0.0351682836374909,3.96081316959758,-0.0979461966563768,0.0573534001757982
-0.19,0.008,65.75,-0.0391999999999997,133.7,34.04,0.002,54.6,4.17,-0.00978751882895423,0.0364504423938836,-0.0127815590652789,4.00003388275086,0.0547848286135606,-0.0140690688718432
0.0419999999999998,0.0029999999999999,-9.70000000000005,0.0185,24.0300000000002,66.8,0.002,54.2,-7.53,-0.0247038747605544,0.00641269895461427,0.0325045008411866,3.9926809084456,-0.101221249144506,0.00666440983161998
-0.314,-0.0029999999999999,27.05,0.0505,-110.18,-20.8099999999999,0.00600000000000001,53.1,-6.67,0.0164864060758942,-0.0297468878564349,0.0179769308199909,3.97217692824789,-0.0991085856411456,0.0179691361955665
0,0,9.30000000000007,-0.0638000000000001,-58.7999999999997,-75.52,0.00700000000000001,53,1.69,0.0299776381044259,-0.0162447973788371,-0.0320307237480613,3.97029191355212,0.0260555863680594,-0.0227558146409592
-0.118,0.002,-37.3000000000001,0.1135,-70.0600000000004,-13.26,0.00699999999999998,54.2,0.170000000000002,-0.0255966355538533,-0.0197065953644877,-0.0423798362376049,3.9926809084456,0.002583784399663,0.040130532888673
0.0150000000000006,-0.0059999999999999,23.1,0.0835999999999997,-278.25,47.47,0.005,52.6,-4.08,0.00885426359364416,-0.0823418303109165,-0.00993048391528628,3.96271611974366,-0.0639315408457941,0.0285616572520877
-0.0640000000000001,-0.0030000000000002,-23.0999999999999,0.0388999999999999,241.05,45.46,0.003,53.3,-3.65,-0.0260344657074398,0.0717181368774931,0.0220883056643899,3.9759363311718,-0.0608774854989722,0.0130169650725029
0.0629999999999997,-0.0019999999999998,0.799999999999955,-0.1061,-197.55,-51.3600000000001,-0.003,53.3,2.91,-0.025471170456794,-0.0583896719960961,-0.0139611725245272,3.9759363311718,0.0488311083420587,-0.0359109267546778
-0.0499999999999998,0,26.9499999999999,-0.0257000000000001,-68.0799999999999,2.27000000000021,0,55.4,2.08,0.0164596718802761,-0.0209391156054437,-0.0125368359168467,4.01457959375324,0.0334974958231138,-0.00889602433052428
0.128,-0.0020000000000001,-51.4,0.1524,-110.55,-5.02000000000021,0.001,55,-4.4,-0.0652970292350208,-0.0349641182162177,-0.0163325051223602,4.00733318523247,-0.0722335573593718,0.0516322376699414
0.209,0.0039999999999999,34.0500000000001,0.0991,-188.03,-19.4000000000001,0.003,53.3,4.18,-0.0112958011690196,-0.0624297187997049,-0.0310218369172262,3.9759363311718,0.0687431524196036,0.032198489829357
0.0840000000000005,0,33.3,-0.0478000000000001,42.5700000000002,10.0600000000002,0.003,53.6,7.34999999999999,0.0433180415191687,0.0144792784394552,-0.0242693761953037,3.98154906807676,0.110480887014028,-0.0154012774560466
0.00699999999999967,-0.005,-17.2,0.0114000000000001,229.85,4.87000000000012,0.002,54.6,4.14,0.0147680333828708,0.0747505600810747,-0.0210511245879923,4.00003388275086,0.0572453762050635,0.00369470522388649
0.0839999999999996,-0.00299999999999993,-29.5999999999999,0.0993999999999997,-301.58,20.6999999999998,0.002,55.3,-0.429999999999993,-0.0325218889852845,-0.0992703808202418,-0.00507292419195871,4.01277290852829,-0.00579555500486162,0.0316496218486981
-0.353999999999999,0.00100000000000009,50.1999999999999,-0.124,-77.4099999999999,6.34999999999991,0.00600000000000001,53.8,-2.69,0.0475409447690005,-0.0271538781972049,-8.66042853910898e-05,3.98527346716774,-0.0370387212747705,-0.039639530864608
-0.162000000000001,-0.00200000000000003,-23.9499999999999,0.00369999999999981,381.01,40.6300000000001,0.00699999999999998,53.8,0.599999999999994,0.00919671074967443,0.127057039576488,0.0314049135858916,3.98527346716774,0.00838110786624302,0.00120582067438524
-0.178,-0.00299999999999997,-75.0000000000001,0.1649,-328.44,-56.26,0.00600000000000001,51.8,-5.23,-0.112316811855542,-0.108536458550128,-0.0120823736751445,3.94739014926544,-0.0755321001161864,0.0523154731494779
-0.369,0.00299999999999997,49.45,-0.0652999999999997,-28.3199999999997,1.5300000000002,0.002,52.5,-5.23999999999999,-0.0343231030503333,-0.00993458833266736,-0.011034733969459,3.96081316959758,-0.0818695578669173,-0.0203907081937282
0.429,-0.00100000000000009,28.4000000000001,-0.0242,-31.5900000000001,13.6299999999997,0,53.2,6.51000000000001,0.0155562620893832,-0.0111994051809683,-0.000452994064152001,3.9740583963476,0.100742248190534,-0.00766360074744532
0.0489999999999995,0.00100000000000009,-62.4000000000001,0.0989999999999998,-149.97,-31.2099999999998,-0.004,54.6,-6.89000000000001,-0.0987364954778434,-0.0549491959439772,-0.0251479612305179,4.00003388275086,-0.10694837622701,0.0309864550564958
0.233000000000001,0.00299999999999997,31.3,0.0686,-129.56,32.98,-0.003,53.7,-3.71,-0.0441349950051837,-0.0500303158790034,0.000952850014241058,3.98341300151482,-0.0627053400559099,0.0209217756282567
-0.04,0.0059999999999999,-6.76999999999998,-0.00590000000000002,-186.11,-43.6600000000001,0,52.6,2.44,-0.06062335714706,-0.0765523165309263,-0.0345812376769885,3.96271611974366,0.0416798159158711,-0.00178228935363522
-0.646,0.0020000000000001,32.44,-0.0705,179.45,64.27,0.003,52,6.48,0.00721916527102717,0.0739116165197533,0.0178999943137734,3.95124371858143,0.102931602030169,-0.0215463005690213
0.0939999999999994,-0.0020000000000001,-38.07,0.0338000000000003,-246.88,-30.28,0.001,50.8,2.7,-0.0769525032857024,-0.103160328682026,-0.0069249074268587,3.92789635458444,0.0399461393729794,0.0103879476133815
0.169,-0.0029999999999999,30.6,0.0823999999999998,-69.3199999999997,22.3300000000002,0.002,51.4,-8.38,-0.00949630761182529,-0.0309877779318626,0.0112854679723595,3.93963817246112,-0.129581883246455,0.0248812617992193
-0.227,0.0010000000000001,9.10000000000002,-0.00999999999999979,-155.23,-56.7000000000003,0.001,50.5,-4.07,0.0115688472137974,-0.0730848477443953,-0.0353364518647297,3.92197333628131,-0.0695590828404606,-0.00298677083539878
0.442,0.0109999999999999,-23.3,0.0181,-130.21,43.0200000000002,0.002,49.2,-4.52,-0.0430098012539322,-0.0657134405581203,0.000142687476898828,3.89589362349826,-0.0833816089390513,0.00539953282978645
0.443,0.005,36.4,-0.0525000000000002,-58.0999999999999,-34.8200000000002,0.005,48.7,-2.25,0.0425496079646326,-0.0307750818295851,-0.0295122233851064,3.88567903008854,-0.0442506564866969,-0.0157426900738522
-0.0869999999999997,0.0040000000000001,-24.7,-0.1642,139.34,58.3900000000001,0.005,47.1,5.68,-0.0153064212826752,0.072278502264572,0.0203135193476705,3.85227300102237,0.108151710152611,-0.0509004679966529
0.00600000000000023,0.0019999999999998,14.6,-0.2061,94,-0.730000000000018,0.002,47.8,-3.65,0.0185233358215751,0.0459664457950222,0.0193027522545286,3.86702563949741,-0.0681424326866131,-0.0677896794781003
0.489,0.0010000000000001,-22,0.1722,-204.92,-45.3399999999999,0,48.2,-3.55,-0.0326445401140534,-0.103072758663275,-0.018726934874338,3.87535902105655,-0.0710511817751138,0.056950418105002
-0.17,0.0070000000000001,30,-0.1112,73.1599999999999,52.98,-0.004,50.3,-4.75,0.0372222546770598,0.0380297284050757,0.0256157479685166,3.91800507710569,-0.103725493589248,-0.0364033649628799
0.593,0.000999999999999897,-3,0.1527,-119.83,-68.7500000000002,-0.003,50.4,5.68,0.0292550116196857,-0.0630675826063989,-0.0319424911931927,3.91999117507732,0.122832392264749,0.0496566287152596
0.425,0,-35.8,0.2321,-21.4300000000001,-5.51999999999975,0,51.4,2.63,-0.0518887722761381,-0.0117103563585932,-0.0378687794611325,3.93963817246112,0.052137463820777,0.0710486442716869
-0.0549999999999997,-0.000999999999999897,10.3499999999999,0.1249,-12.1599999999999,27.9999999999998,0.002,52,-2.12,-0.0295132531738034,-0.00670628964551856,-0.013916955878214,3.95124371858143,-0.0418124404226283,0.0362420526902449
0.547,0.0019999999999998,4.05000000000007,0.1435,-81.97,5.2800000000002,0.002,52,-7.53,-0.0204163124949428,-0.0464196258140204,-0.00932033680220634,3.95124371858143,-0.164475703225407,0.0400796484331702
0.181,0,-11.55,-0.0196000000000001,-50.1200000000001,7.81999999999994,0.002,52.8,1.68,-0.0502276609614478,-0.0294824073345552,-0.00228472057171381,3.96651119071222,0.0391111301166256,-0.00538048953673953
-0.25,-0.0019999999999998,28.45,0.0615000000000001,51.77,41.6399999999999,0.001,53.9,-6.75,0.0217094466477592,0.0304383721930908,0.0348922382153303,3.98713047791495,-0.167365465640305,0.0167864740075006
0.145,-0.01,-10.7,0.1214,-36.1199999999999,-59.2799999999997,0.001,55.7,2.85,-0.00557386799036763,-0.0211387986709139,-0.017829189249313,4.01998014693324,0.0741079721537221,0.0323313205453721
-0.118,-0.0120000000000001,-2.90000000000003,0.1991,66.29,6.77999999999975,0.004,56.9,-2.52,-0.0130419953703962,0.0384592501517842,-0.012011024205564,4.04129534113228,-0.0652405218684011,0.0508607996067874
-0.609,-0.005,40.3,-0.1505,5.36999999999989,32.2900000000002,0.00499999999999998,55.8,-1.6,0.0867324878248112,0.00305168491375962,0.0169333934945444,4.02177386938726,-0.0437467239468434,-0.0382050398339362
0.138,-0.0010000000000001,-63.85,0.0638000000000001,-32.27,-0.180000000000064,0.002,54.5,0.399999999999999,-0.0700133184637712,-0.01848028381138,0.0164942206699887,3.9982007016692,0.0111174018865756,0.0163744547564459
0.0540000000000003,0,34.9,-0.0693999999999999,-98.1099999999999,-32.54,0,53.2,-3.03,0.0156969381041288,-0.0583790812351772,-0.0121351008291253,3.9740583963476,-0.0874637633352773,-0.0178245935505921
-0.259,0.0010000000000001,9.69999999999999,-0.1336,-57.95,-5.40000000000009,-0.00599999999999998,50.7,-0.600000000000001,0.038976285269074,-0.0361545664392446,-0.017128882262968,3.92592591059714,-0.0182653479772936,-0.0352347832692912
0.796,-0.0010000000000001,-35.1,0.1767,-125.16,-34.51,-0.005,51.5,-2.22,-0.0469823325356735,-0.0828547184587745,-0.049518899306471,3.94158180766969,-0.0706400469540882,0.0463418566995681
-0.241000000000001,-0.0029999999999999,5.64999999999998,0.123,133.13,46.23,-0.002,53.7,-1.2,-0.0344993968515919,0.0879053462638568,-0.0071032253560448,3.98341300151482,-0.0403687507291464,0.0310356686696074
-1.039,-0.00399999999999994,16.9,-0.0782000000000003,-104.76,-47.25,0.001,53.5,0.100000000000001,0.00880150646859423,-0.0685139391943528,-0.0535042684649465,3.97968165390196,0.00342700815181107,-0.0196197868696524
-0.46,-0.00200000000000003,-15.8,0.0232000000000001,160.28,66.78,0.001,53.1,2.55,-0.0324805922891658,0.103006757726489,0.0120162325679853,3.97217692824789,0.0836415819854155,0.00586097069822467
0.0149999999999997,0.000999999999999941,-8.45000000000005,-0.1036,-250.43,-29.74,0.001,52.3,-1.25,-0.057111431293956,-0.165973772183029,-0.0177153437906359,3.95699637107088,-0.0401273543617835,-0.0264422531503619
-0.566,0,12.1,0.0324,-135.07,1.8900000000001,0.001,49.9,-0.350000000000001,-0.0249745409824271,-0.102449002734935,-0.0160935064787742,3.91002100275747,-0.0115303534070836,0.00834497193218064
-0.0439999999999996,-0.00399999999999991,24.15,-0.1844,-59.5699999999999,4.89999999999998,0.001,48.9,-0.600000000000001,0.0435466031004035,-0.0487478338113307,-0.0112586260108518,3.88977739648083,-0.0200809960570494,-0.0484516557573431
0.24,-0.00100000000000009,-40.05,0.0971000000000002,-81.01,-35.7600000000001,0.005,49.5,-3.7,-0.0706445628676544,-0.0703529310860604,-0.0496456654892876,3.90197266957464,-0.133627987649954,0.0258056547226166
0.178999999999999,0.00299999999999997,22.75,0.289,-17.95,-22.0699999999999,0.00299999999999997,47.6,5.15,-0.00565814493441419,-0.0162819080200958,-0.0779273500294773,3.86283276123737,0.181484008827589,0.0730861050481375
0.0750000000000002,-0.00099999999999994,14.6999999999999,-0.1898,6.19000000000005,61.71,0.001,48.8,5.6,0.0375135561889675,0.00564476076961462,-0.00832287425282896,3.8877303128591,0.165913098330434,-0.0473925313876862
0.181,0,7.05000000000007,-0.0896999999999997,16.1799999999998,21.58,-0.001,47.8,-3.1,0.0555270921078641,0.0146060478144312,0.0171498442588396,3.86702563949741,-0.0884270163125862,-0.0232042176418799
-0.171,0.00299999999999997,-44.6,0.00699999999999967,59.7700000000002,9.56999999999994,-0.00599999999999998,44.7,-2.3,-0.0697220002104677,0.0521783104436828,0.0277974936714234,3.79997350161952,-0.07106138918315,0.00183030512594473
0.457,0.00100000000000009,1.05000000000001,0.186700000000001,43.3599999999999,32.3699999999999,-0.003,46.3,-4.35,-0.0716534881280673,0.0362181703367197,0.0622292771298749,3.83514196109219,-0.149996655640039,0.0476201512156069
-0.00499999999999989,0.00199999999999984,21,0.0158999999999994,-39.6099999999999,-107.04,-0.002,48.8,0.350000000000001,-0.00849863472146239,-0.0330334948383832,-0.0555005846761123,3.8877303128591,0.0129367910307199,0.00395262344493719
0.434,0.0020000000000001,10.05,0.116000000000001,-134.5,-19.9300000000001,0,49.5,3.22,0.0229679653393049,-0.121085738942426,-0.0829144210287573,3.90197266957464,0.111766687470237,0.0283734730920149
0.709000000000001,-0.000999999999999999,-18.2499999999999,-0.0189000000000004,79.1399999999999,171.27,0,50.1,-1.47,-0.0342531522610425,0.0730088247884515,0.116561168447867,3.91402100809082,-0.0494800572633696,-0.0045683702235233
0.379,0.000999999999999999,2.74999999999994,0.0465999999999998,-56.73,-105.24,-0.001,49.1,-1.95,-0.0264004319766524,-0.0517883465689941,-0.00486954439031617,3.89385903480047,-0.06965857660418,0.0112263284551244
-0.203,0.0029999999999999,22.0000000000001,-0.1206,149.05,82.6500000000001,0,48.6,-0.150000000000002,0.0444588983177141,0.130722476138756,0.0822998718378996,3.88362353090645,-0.00556484463340778,-0.0293166352699474
0.559,0.0030000000000002,-5.80000000000001,-0.0360000000000005,153.02,-0.879999999999995,-0.002,48.2,-1.55,0.0249606013364483,0.118496208983614,0.0752143432759063,3.87535902105655,-0.0593930516413645,-0.00892044471162001
0.239,0.0109999999999999,-26.15,-0.0258999999999996,-48.04,-67.5400000000001,0.00700000000000001,46.6,1.95,-0.0570233206930189,-0.0357119749680415,0.00912294229712529,3.8416005411316,0.0741643689616773,-0.00646734259954052
0.287000000000001,0.003,12.15,0.1265,17.72,60.6900000000001,0.002,46.8,-0.950000000000003,-0.0194784781847508,0.0133216022192331,0.063384682784414,3.8458832029236,-0.0354448594670433,0.0311981998568345
-0.0530000000000008,0.002,0,0.106400000000001,28.79,-111.13,0.001,45.3,-4.6,-0.0198654391861606,0.0212724459844429,-0.0360800762527589,3.81330703248899,-0.19201517923988,0.0255077955203438
-0.0779999999999994,-0.000999999999999904,-7.65000000000003,-0.0515000000000008,77.3900000000001,64.1300000000001,-0.001,44.5,-2.25,-0.0469456346962032,0.0550356251526525,0.0209848866751683,3.79548918917219,-0.109305496053949,-0.0122651247592609
0.481999999999999,0.0019999999999998,9.60000000000002,-0.2109,-236.89,-5.59000000000015,NA,44.8,0.300000000000001,-0.0142376492969953,-0.179020961583752,0.0156963736669331,3.80220813942094,0.015283027980177,-0.0518584628682122
0.191000000000001,0,-0.550000000000011,0.1036,43.71,-26.5099999999998,-0.00699999999999998,44.4,-0.300000000000001,-0.0164456584398076,0.0355346911180305,-0.00754529203389609,3.79323946943818,-0.015283027980177,0.0258104559644778
0.868,0.0040000000000001,9.65000000000003,0.0248999999999997,-15.6699999999998,-71.0400000000002,-0.004,44.5,1.7,0.018415396743424,-0.0125944528325501,-0.0724843504333732,3.79548918917219,0.0836690419588715,0.0061054292417777
NA,0.003,8.59999999999997,0.1375,-213.76,60.8300000000002,-0.001,46.7,2.25,0.0478526774173424,-0.189819793688223,-0.0179371883291157,3.84374416467485,0.100959912346444,0.0330594710755774
0.529,0.0079999999999999,-32.45,0.0106999999999999,116.22,111.48,-0.001,46.1,3.8,-0.066085875016598,0.107642239035601,0.0852566152469905,3.8308129500026,0.150302054165964,0.00252737134520209
-0.0439999999999987,0.0010000000000001,10.95,0.0167999999999999,34.6900000000001,-14.9899999999998,-0.002,44.1,-1.03,-0.028832157949287,0.0300061000351164,0.0662556058874664,3.7864597824528,-0.0385598959186173,0.00395536608345903
0.0190000000000001,0.01,12.0000000000001,-0.2489,97.6900000000001,-64.5,-0.001,44.1,-0.460000000000001,0.0156282250572968,0.0799607687494541,0.0107982212059001,3.7864597824528,-0.0177132085990706,-0.0602648834377946
-0.266,0.0070000000000001,-9.20000000000005,-0.0244999999999997,196.67,18.2899999999997,0,46,2.64,-0.0186329221535608,0.143848926222564,0.0253541522494238,3.8286413964891,0.0976384695639161,-0.00613322238497394
-0.458,-0.0030000000000001,3.19999999999999,-0.0206,-26.8600000000001,-37.7999999999997,0.001,47.1,0.100000000000001,-0.00679376079740468,-0.0184678598282249,-0.00507728769860805,3.85227300102237,0.00351741481187817,-0.00518618518474678
-0.204000000000001,-0.004,-4.30000000000001,0.1285,-65.1399999999999,-82.7700000000002,0.001,44.9,-2.02,-0.0233727114622839,-0.0462573412212901,-0.07400701055598,3.80443779474821,-0.0735679278569652,0.0319198495515656
-0.458,0.004,15.3,-0.0528000000000004,114.44,168.74,-0.002,45.9,1.76,0.0350445307131215,0.0798967774899673,0.0663585439301313,3.8264651170665,0.0643967877378584,-0.0129926284492345
0.183999999999999,0.00799999999999999,-10.3,0.0425000000000004,281.77,46.4599999999998,-0.002,46.8,0.98,-0.00412603736140138,0.173167712054028,0.0968310904165408,3.8458832029236,0.0341377628495678,0.0104712998672956
0.636000000000001,0.011,7.29999999999995,0.048,44.0900000000001,-171.8,-0.00600000000000001,45.7,-3.44,0.023036500770691,0.0245756162577297,-0.0340502464501418,3.82209829790016,-0.125345808038083,0.0116960397631913
1.143,0.00799999999999999,-8,0.3555,-193.03,40.4000000000001,-0.00600000000000001,46.9,8.81,-0.0066335234956334,-0.112366033712183,-0.00404519322272279,3.84801767545223,0.29416335269738,0.0826109632307035
0.968999999999999,0.0060000000000001,-4.04999999999995,0.1605,-54.3600000000001,119.78,-0.004,47.8,-1.77,-0.0218679866365807,-0.0340638706447089,0.0834561337105866,3.86702563949741,-0.0525577385434355,0.0351720724256799
-0.412000000000001,0.00399999999999989,15.4999999999999,-0.119,119.6,-107.34,-0.000999999999999973,48.3,-2.35,0.0358208474744837,0.0734703390262075,0.00496178497366362,3.87743156065853,-0.0743425212341919,-0.0259584866837554
-0.366,0.004,-6.04999999999995,-0.156000000000001,223.3,74.0600000000002,-0.001,49.9,2.81,0.0130413005705909,0.124211563626629,0.0549662922847478,3.91002100275747,0.0882694796088757,-0.0350834271825908
0.176,0.00900000000000001,-4.20000000000005,-0.0335000000000001,29.3999999999999,-168.02,-0.001,50.2,-5.12,-0.00216177349545355,0.0152619241420728,-0.0589281575882117,3.91601502669768,-0.167163422078538,-0.00769720613422065
0.0990000000000002,-0.014,13.45,0.0145,56.6000000000001,110.62,-0.002,51.6,3.66,0.0453060648968817,0.028741696107641,0.0164762532643623,3.94352167248752,0.122274238099888,0.0033389012655145
-0.290000000000001,-0.00199999999999999,-30.85,0.04,17,-57.77,0,50.3,-1.47,-0.064056045338158,0.00847378213717676,-0.0236516311567305,3.91800507710569,-0.0473289680856412,0.0091533819864873
-0.997,-0.002,19.25,0.0750000000000002,28.0999999999999,65.8300000000002,0.002,50.3,-5.6,0.00458337955180799,0.0138511148516258,0.0221586982299637,3.91800507710569,-0.204120240167165,0.0169399872413825
-0.959999999999999,0.00499999999999999,4.29999999999995,-0.338,232.7,14.3199999999997,0.002,51,2.07,0.0201002692924348,0.107878392683207,0.0312799772580776,3.93182563272433,0.0803848059834862,-0.0787184635580176
0.237,0.001,7.75000000000006,0.0330000000000004,66.4000000000001,-178.31,0,52.5,3.35,0.0465852046831561,0.0287627572411076,-0.0923238121222241,3.96081316959758,0.117783035656383,0.00796432350272713
-0.237,-0.00299999999999999,-22,0.0460000000000003,NA,160.2,-0.003,51.1,-3.35,-0.030226376148792,-0.203806969006715,0.0203130626104491,3.93378449720966,-0.117783035656383,0.0109970030073363
-0.758000000000001,-0.003,13.45,-0.0760000000000005,-121.5,46.75,-0.00600000000000001,52.4,0.120000000000001,0.016616035981361,-0.0657224057790087,0.0522448229527841,3.958906591327,0.00446761725971623,-0.0182346703075669
1.09,-0.00600000000000001,-2.30000000000001,0.100000000000001,-230.1,-154.97,-0.00600000000000001,52.3,-1.17,0.00846364841566238,-0.137709370704688,-0.0561176080399282,3.95699637107088,-0.0444348776667822,0.0239245860852453
0.0900000000000016,-0.005,6.05000000000001,-0.0130000000000008,-130,54.0400000000002,-0.003,51.7,-4.14,0.028820438535492,-0.0870988775365644,-0.0189976643752043,3.94545778151438,-0.17527845659095,-0.00307801829376397
-0.58,-0.00699999999999999,-8.5,-0.1198,-55,-54.0800000000002,-0.001,50.7,2.86,0,-0.0392627161354993,-0.0606617667470157,3.92592591059714,0.124291706935785,-0.0288201611841803
NA,-0.00800000000000001,-43.45,-0.1272,259.9,117.92,-0.002,49.2,-2.56,NA,0.173301505388847,0.0289672670823347,3.89589362349826,-0.110504723847205,-0.0315377188811432
0.0389999999999997,-0.00899999999999999,43.65,-0.118,-4.60000000000014,-29.3900000000001,-0.001,49,-0.91,0.00078170807185618,-0.0028201845679714,0.00627377837779708,3.89182029811063,-0.042420715883952,-0.0301736007632201
NA,0.002,5.05000000000001,0.0580000000000003,-3.59999999999991,35.6800000000001,-0.00199999999999999,47.5,-2.43,0.0203042844986836,-0.0022126622426315,0.0325708153532807,3.8607297110406,-0.122975062358809,0.0149448800613954
